id,category,entity,public_handle_or_url,relationship_to_event,claim_or_observation,evidence_state,confidence,source_url,source_date_or_read_time,notes,next_action
E001,event,Netwar Con: A Psyops Hackathon,,event identity,"Luma lists the event for September 4–6, 2026 in Austin",observed,high,https://luma.com/psyop-hackathon,2026-09-02,"Approval required; do not infer open admission",Read back event page before publication
E002,event,The Last Psyop / The September Event,https://lastpsyop.com/,event branding,"Public site describes a mind-virus preparedness and prevention wargaming conference",observed,high,https://lastpsyop.com/,2026-09-02,"Branding differs from Luma title",Compare claims across official surfaces
E003,event,Distribution Hall,https://www.distributionhall.com/,venue,"Venue address is 1500 E 4th St, Austin, TX 78702",observed,high,https://www.distributionhall.com/,2026-09-02,"Venue-level amenities are not proof of event-level provisioning",Verify event-specific logistics if publicly posted
E004,event,Attendance display,,public attendance signal,"Luma displays 46 going and names Dillon Cortez, Harsh O, and 44 others",observed,high,https://luma.com/psyop-hackathon,2026-09-02,"Visible names are not an exhaustive roster; count is time-sensitive",Capture later readbacks and compare deltas
E005,organizer,Omar Shehata,,organizer,"Luma lists Omar Shehata as host; Prosocial Engineering identifies him as owner/operator",observed,high,https://luma.com/psyop-hackathon,2026-09-02,"Role is public; motives and private affiliations are not inferred",Map public projects and stated theory separately
E006,organizer,Katt / Kat the Vat,,organizer or playtester,"Supplied event copy names Katt; Luma names Kat the Vat; newsletter calls the person Katt",unresolved,medium,https://luma.com/psyop-hackathon,2026-09-02,"Name discrepancy; do not merge aliases without a stronger public source",Resolve preferred public name from official source
E007,organizer,Ari / Meta Wizard,,organizer,"Supplied event copy names Ari / Meta Wizard and Enigma Infrastructure; current Luma host line does not list Ari",unresolved,medium,https://luma.com/psyop-hackathon,2026-09-02,"Supplied copy and current Luma page differ",Search official announcements; avoid identity enrichment
E008,organizer,Matthew Fisher,,Luma-listed host,"Luma lists Matthew Fisher as host",observed,high,https://luma.com/psyop-hackathon,2026-09-02,"No additional role assigned",Find public event-related artifacts only
E009,sponsor,Commenta Projects,,financial sponsor,"Luma thanks Commenta Projects for financial sponsorship",observed,high,https://luma.com/psyop-hackathon,2026-09-02,"Amount and conditions unknown",Find sponsor statement or leave scope limited
E010,territory,American liberal territory,,conceptual example,"Newsletter uses Hank Green as an example of a live player in the American liberal territory",attributed,medium,https://www.psyop.report/p/1-can-you-name-your-lighthouse,2026-07-06,"Example, not evidence of event participation",Map only as an attributed conceptual territory
E011,territory,Ithaca social fabric,,case-study territory,"Newsletter frames Ithaca as a local information territory",attributed,medium,https://www.psyop.report/p/1-can-you-name-your-lighthouse,2026-07-06,"Includes examples of local monitoring surfaces",Record sources named by the newsletter
E012,territory,r/ithaca,https://www.reddit.com/r/ithaca/,Ithaca lighthouse example,"Newsletter calls r/ithaca the biggest local lighthouse in its example",attributed,medium,https://www.psyop.report/p/1-can-you-name-your-lighthouse,2026-07-06,"No claim that subreddit moderators or members participate",Public-source scan for event mentions only
E013,territory,Cornell University,,Ithaca sub-territory example,"Newsletter describes Cornell as a vast territory with global reach",attributed,medium,https://www.psyop.report/p/1-can-you-name-your-lighthouse,2026-07-06,"Conceptual example; no attendance claim",Search public event mentions without targeting individuals
E014,territory,Ithaca College,,Ithaca sub-territory example,"Newsletter names Ithaca College as a social bubble in its monitoring example",attributed,medium,https://www.psyop.report/p/1-can-you-name-your-lighthouse,2026-07-06,"Conceptual example; no attendance claim",Search public event mentions only
E015,territory,Flat Earth Society,,hypothetical territory,"Newsletter uses flat earth as a hypothetical community whose belief changes could be monitored",attributed,medium,https://www.psyop.report/p/1-can-you-name-your-lighthouse,2026-07-06,"Not evidence of organizer contact or event involvement",No further pursuit unless public event link appears
E016,territory,tpot,,example network territory,"Newsletter references the introduction of the word psyop into tpot as a prior tooling example",attributed,medium,https://www.psyop.report/p/2-putting-fluoride-in-the-mental,2026-07-13,"No attendance or endorsement claim","Map only public, opt-in or already-public artifacts"
E017,method,Prosocial Engineering,,theory and operator ecosystem,"Public site describes monitoring, infiltrating, and influencing while saying targets know beforehand",observed,high,https://prosocialengineering.org/,2026-09-02,"Self-description; not independently verified as a complete practice description",Extract stated principles and compare with event safeguards
E018,method,Lighthouse model,,event philosophy,"Newsletter proposes lighthouses that monitor social fabric, defend against foreign influence and drift, conduct internal operations, and handle requests",attributed,high,https://www.psyop.report/p/1-can-you-name-your-lighthouse,2026-07-06,"This is the organizers' model, not an established taxonomy",Build claim-to-source map
E019,method,Infohazard / infoblessing framework,,event vocabulary,"Newsletter distinguishes information that can cause harm from information intended to improve life",attributed,high,https://www.psyop.report/p/2-putting-fluoride-in-the-mental,2026-07-13,"Definitions and severity criteria need to be extracted from the full manual if available",Obtain only public or participant-authorized manual excerpts
E020,method,SP!CE 2.2,,manual reference,"Luma says the operator manual is based on Structured Process for Information Campaign Enhancement 2.2 developed by MITRE",attributed,medium,https://luma.com/psyop-hackathon,2026-09-02,"The event page does not provide the manual or establish exact reuse terms",Verify the public MITRE reference and event adaptation
E021,adjacent actor,Social Engineer LLC,,named possible referee,"Newsletter names Social Engineer LLC as a social-engineering reference and possible monitor",attributed,medium,https://www.psyop.report/p/2-putting-fluoride-in-the-mental,2026-07-13,"Mention is not attendance, endorsement, or involvement",Search for direct public event connection
E022,adjacent actor,Leverage Research,,named possible referee,"Newsletter names Leverage Research as a research reference and possible monitor",attributed,medium,https://www.psyop.report/p/2-putting-fluoride-in-the-mental,2026-07-13,"Mention is not attendance or endorsement",Search for direct public event connection
E023,adjacent actor,Graphika,,named possible monitor,"Newsletter names Graphika among intelligence or monitoring actors",attributed,medium,https://www.psyop.report/p/2-putting-fluoride-in-the-mental,2026-07-13,"Mention is not attendance or involvement",Search for direct public event connection
E024,adjacent actor,Palantir,,named possible monitor,"Newsletter names Palantir among intelligence or monitoring actors",attributed,medium,https://www.psyop.report/p/2-putting-fluoride-in-the-mental,2026-07-13,"Mention is not attendance or involvement",Search for direct public event connection
E025,adjacent actor,Black Cube,,named possible monitor,"Newsletter names Black Cube among intelligence or monitoring actors",attributed,medium,https://www.psyop.report/p/2-putting-fluoride-in-the-mental,2026-07-13,"Mention is not attendance or involvement",Search for direct public event connection
E026,public_attendee,Dillon Cortez,,Luma-visible attendee,"Named by Luma in the 46-going display",observed,high,https://luma.com/psyop-hackathon,2026-09-02,"This supports a Luma-visible attendance signal only, not physical presence at the event",Find a self-authored public attendance statement before stronger wording
E027,public_attendee,Harsh O,,Luma-visible attendee,"Named by Luma in the 46-going display",observed,high,https://luma.com/psyop-hackathon,2026-09-02,"This supports a Luma-visible attendance signal only, not physical presence at the event",Find a self-authored public attendance statement before stronger wording
E028,public_attendee,44 unnamed Luma registrants,,aggregate attendance signal,"Luma displays 44 additional unnamed people",observed,high,https://luma.com/psyop-hackathon,2026-09-02,"No identities should be inferred from the count",Track aggregate count only
E029,public_attendance_search,Public posts claiming attendance,,bounded web-search pass,"Searches across exact event names, Austin context, and attendance terms found event pages and discussion, but no independently verified self-authored attendance claim in this pass",observed,medium,,2026-09-02,"Web search is discovery, not exhaustive social coverage; search results were classified and noisy matches excluded",Run a platform-specific public search pass if live social coverage is required
E030,planning_repo,Prosocial-Engineering/netwar-con,https://github.com/Prosocial-Engineering/netwar-con,official planning surface,"Public repository describes itself as the main planning repository for the September Event; README links the event and lists alternative names",observed,high,https://github.com/Prosocial-Engineering/netwar-con,2026-09-02,"Public repo; MIT licensed; repository activity is not attendance evidence",Inspect public issues/commits for event artifacts without inferring private identities
E031,public_event_discussion,DefenderOfBasic,https://vanlett.com/DefenderOfBasic,public recruitment/discussion,"Pinned public post discusses explaining why the psyops hackathon matters to people being pitched or invited to join",observed,high,https://vanlett.com/DefenderOfBasic,2026-09-02,"Supports public event discussion/recruitment; does not establish attendance",Look for an explicit self-authored attendance statement
E032,public_project_contributor,DefenderOfBasic,https://github.com/DefenderOfBasic,public planning-repo contributor,"GitHub lists 34 contributions to Prosocial-Engineering/netwar-con",observed,high,https://github.com/Prosocial-Engineering/netwar-con,2026-09-02,"Contribution is not attendance, organizer status, endorsement, or private affiliation",Map only public event-related artifacts
E033,public_project_contributor,suntzugi,https://github.com/suntzugi,public planning-repo contributor,"GitHub lists 32 contributions to Prosocial-Engineering/netwar-con",observed,high,https://github.com/Prosocial-Engineering/netwar-con,2026-09-02,"Contribution is not attendance, organizer status, endorsement, or private affiliation",Map only public event-related artifacts
E034,public_project_contributor,Kat-Stack,https://github.com/Kat-Stack,public planning-repo contributor,"GitHub lists 18 contributions to Prosocial-Engineering/netwar-con",observed,high,https://github.com/Prosocial-Engineering/netwar-con,2026-09-02,"Contribution is not attendance, organizer status, endorsement, or private affiliation",Compare public handle to organizer naming only where the source makes it explicit
E035,public_project_contributor,OmarShehata,https://github.com/OmarShehata,public planning-repo contributor,"GitHub lists 2 contributions to Prosocial-Engineering/netwar-con",observed,high,https://github.com/Prosocial-Engineering/netwar-con,2026-09-02,"Handle aligns with organizer name but contribution remains separate evidence",Map only public event-related artifacts
E036,planning_repo,September-Game,https://github.com/Prosocial-Engineering/September-Game,linked game-design repository,"The netwar-con README links this repository for game design and weekend instructions, but the URL currently returns 404",unresolved,medium,https://github.com/Prosocial-Engineering/netwar-con,2026-09-02,"Link existence is observed; repository availability is not","Recheck later; do not infer deletion, privacy, or replacement"
E037,social_search,X public search rail,,platform access boundary,"Explicit personal-x auth and search requests returned HTTP 401 Unauthorized; this is an unavailable source, not evidence of zero X posts",unmeasured,high,,2026-09-02T12:33:19Z,"No credential files were inspected or modified; no X results are claimed",Retry only after the user repairs the configured X auth rail
E038,social_search,Bluesky direct public API,,platform access boundary,"Public search requests returned HTTP 403 Forbidden from this environment; this is an unavailable source, not evidence of zero Bluesky posts",unmeasured,high,,2026-09-02T12:33:19Z,"Indexed public pages were used as a fallback; direct API coverage remains incomplete",Use a permitted Bluesky client or public indexed pages for a later pass
E039,social_event_promotion,@defenderofbasic.bsky.social,https://bsky.app/profile/defenderofbasic.bsky.social,public event promotion,"Indexed Bluesky profile links Netwar Con and describes an Austin September 4 event inviting influence operators from culture-war territories",observed,high,https://bsky.app/profile/defenderofbasic.bsky.social,2026-09-02,"Supports public promotion and organizer/project association; does not establish attendance",Find a post-level URL and explicit self-authored attendance language if available
E040,vps_deployment,marvin-vps read-only social adapter,https://github.com/leo-guinan/last-psyop-scouting/blob/main/tools/social_search.py,manual review-only deployment,"Adapter compiled on marvin-vps and wrote a VPS search receipt; no timer, posting capability, or systemd service was enabled",observed,high,https://github.com/leo-guinan/last-psyop-scouting,2026-09-02,"Source-only deployment; output stored under /var/lib/last-psyop-scouting",Review receipt before any future scheduled monitoring
E041,vps_social_search,X via marvin-vps / @marvin_panics,,platform access boundary,"Remote xurl rail returned RefreshTokenError / invalid_request; no X search results are claimed",unmeasured,high,,2026-09-02T13:54:19Z,"Remote auth status shows configured app but live identity/read is not usable",Repair the intended marvin-x OAuth session manually before retrying
E042,vps_social_search,Bluesky via marvin-vps,,platform access boundary,"Remote public API requests returned HTTP 403 for all three bounded queries; no Bluesky zero-result claim is made",unmeasured,high,,2026-09-02T13:54:19Z,"No Bluesky credentials were installed; direct API remains unavailable from the VPS",Use a permitted client or indexed public pages for later discovery
